{
    "responseMessage": {
      "responseCode": 6000,
      "responseDescription": "Successful response"
    },
    "objectList": [{
      "id": 1,
      "careGiverDescription": "Fully cared for at home by family",
      "careGiverType": "Family Member"
    }, {
      "id": 2,
      "careGiverDescription": "Fully cared for at home by helper",
      "careGiverType": "Domestic Helper"
    }, {
      "id": 3,
      "careGiverDescription": "Daycare at a facility by nurses, Night care at home by family",
      "careGiverType": "Daycare Support"
    }, {
      "id": 4,
      "careGiverDescription": "Fully cared for at a facility by nurses",
      "careGiverType": "Nursing Home"
    }]
  }